{
  "id": "1794648",
  "name": "vue",
  "font_family": "iconfont",
  "css_prefix_text": "icon-",
  "description": "",
  "glyphs": [
    {
      "icon_id": "113541",
      "name": "订单",
      "font_class": "order",
      "unicode": "e626",
      "unicode_decimal": 58918
    },
    {
      "icon_id": "947482",
      "name": "商品",
      "font_class": "shangpin",
      "unicode": "e648",
      "unicode_decimal": 58952
    },
    {
      "icon_id": "1066849",
      "name": "数据",
      "font_class": "data",
      "unicode": "e624",
      "unicode_decimal": 58916
    },
    {
      "icon_id": "14236691",
      "name": "权限",
      "font_class": "quanxian",
      "unicode": "e603",
      "unicode_decimal": 58883
    },
    {
      "icon_id": "6282756",
      "name": "密码",
      "font_class": "mima",
      "unicode": "e6b2",
      "unicode_decimal": 59058
    },
    {
      "icon_id": "2459201",
      "name": "用户",
      "font_class": "user",
      "unicode": "e60a",
      "unicode_decimal": 58890
    }
  ]
}
